{
  "best_accuracy": 0.8309982486865148,
  "best_f1_macro": 0.5920708042664068,
  "best_train_accuracy": 0.9710022522522522
}