{
  "best_accuracy": 0.6037267080745342,
  "best_f1_macro": 0.4161209838958715,
  "best_train_accuracy": 0.7282570110046148
}