{
  "best_accuracy": 0.8312171628721541,
  "best_f1_macro": 0.5949411122370248,
  "best_train_accuracy": 0.9618055555555556
}