{
  "best_accuracy": 0.8053830227743272,
  "best_f1_macro": 0.5860228362704292,
  "best_train_accuracy": 0.997515086971956
}