{
  "best_accuracy": 0.8066252587991718,
  "best_f1_macro": 0.5869148393696979,
  "best_train_accuracy": 0.9577564785232516
}