{
  "best_accuracy": 0.8340630472854641,
  "best_f1_macro": 0.5967968151794416,
  "best_train_accuracy": 0.9575825825825826
}