{
  "best_accuracy": 0.832968476357268,
  "best_f1_macro": 0.5985934321211818,
  "best_train_accuracy": 0.9445382882882883
}