{
  "best_accuracy": 0.6053830227743271,
  "best_f1_macro": 0.40710670396735266,
  "best_train_accuracy": 0.6489172878949236
}