{
  "best_accuracy": 0.8053830227743272,
  "best_f1_macro": 0.5865653827398105,
  "best_train_accuracy": 0.9998225062122825
}