{
  "best_accuracy": 0.6330998248686515,
  "best_f1_macro": 0.43047525599758546,
  "best_train_accuracy": 0.6433933933933934
}