{
  "best_accuracy": 0.6330998248686515,
  "best_f1_macro": 0.4304455620775547,
  "best_train_accuracy": 0.6423611111111112
}