{
  "best_accuracy": 0.5942028985507246,
  "best_f1_macro": 0.41514955444220125,
  "best_train_accuracy": 0.7729854455094072
}