{
  "best_accuracy": 0.810351966873706,
  "best_f1_macro": 0.5902260108409075,
  "best_train_accuracy": 0.95580404685836
}