{
  "best_accuracy": 0.6041407867494824,
  "best_f1_macro": 0.4098703338794225,
  "best_train_accuracy": 0.7346467873624423
}