{
  "best_accuracy": 0.6330998248686515,
  "best_f1_macro": 0.4301271890244205,
  "best_train_accuracy": 0.6386073573573574
}