{
  "best_accuracy": 0.6339754816112084,
  "best_f1_macro": 0.4309076974603634,
  "best_train_accuracy": 0.6360735735735735
}