{
  "best_accuracy": 0.5971014492753624,
  "best_f1_macro": 0.4112683033696447,
  "best_train_accuracy": 0.7137025204117856
}