{
  "best_accuracy": 0.8309982486865148,
  "best_f1_macro": 0.5923939828122801,
  "best_train_accuracy": 0.9773836336336337
}