{
  "best_accuracy": 0.6320052539404554,
  "best_f1_macro": 0.4296069156873785,
  "best_train_accuracy": 0.6398273273273273
}