{
  "best_accuracy": 0.6053830227743271,
  "best_f1_macro": 0.40910304868775066,
  "best_train_accuracy": 0.6860134895278666
}