{
  "best_accuracy": 0.8316549912434326,
  "best_f1_macro": 0.5928509136055181,
  "best_train_accuracy": 0.9274587087087087
}