{
  "best_accuracy": 0.6339754816112084,
  "best_f1_macro": 0.43084764436238787,
  "best_train_accuracy": 0.6355105105105106
}