{
  "best_accuracy": 0.8149068322981367,
  "best_f1_macro": 0.5924985442271246,
  "best_train_accuracy": 0.969826056088037
}