{
  "best_accuracy": 0.8128364389233954,
  "best_f1_macro": 0.5913101217992832,
  "best_train_accuracy": 0.9634362797302094
}