{
  "best_accuracy": 0.6346322241681261,
  "best_f1_macro": 0.43137356926870524,
  "best_train_accuracy": 0.6360735735735735
}