{
  "best_accuracy": 0.8327495621716288,
  "best_f1_macro": 0.5911042374436785,
  "best_train_accuracy": 0.9318693693693694
}