{
  "best_accuracy": 0.6317863397548161,
  "best_f1_macro": 0.4295716085903978,
  "best_train_accuracy": 0.6473348348348348
}