{
  "best_accuracy": 0.5942028985507246,
  "best_f1_macro": 0.4151777701870514,
  "best_train_accuracy": 0.7838125665601704
}