{
  "best_accuracy": 0.8074534161490683,
  "best_f1_macro": 0.5884500720537186,
  "best_train_accuracy": 1.0
}