{
  "best_accuracy": 0.8375656742556917,
  "best_f1_macro": 0.5995321521922014,
  "best_train_accuracy": 0.9401276276276276
}