{
  "best_accuracy": 0.5908902691511387,
  "best_f1_macro": 0.41324004987444346,
  "best_train_accuracy": 1.0
}